{
  "Ansi 4 Color" : {
    "Red Component" : 0.14901965856552124,
    "Color Space" : "sRGB",
    "Blue Component" : 0.82352942228317261,
    "Alpha Component" : 1,
    "Green Component" : 0.54509800672531128
  },
  "Tags" : [

  ],
  "Ansi 12 Color" : {
    "Red Component" : 0.51372557878494263,
    "Color Space" : "sRGB",
    "Blue Component" : 0.58823525905609131,
    "Alpha Component" : 1,
    "Green Component" : 0.58039218187332153
  },
  "Ansi 5 Color" : {
    "Red Component" : 0.82745105028152466,
    "Color Space" : "sRGB",
    "Blue Component" : 0.50980395078659058,
    "Alpha Component" : 1,
    "Green Component" : 0.21176466345787048
  },
  "Draw Powerline Glyphs" : true,
  "Bold Color" : {
    "Red Component" : 0.57647067308425903,
    "Color Space" : "sRGB",
    "Blue Component" : 0.63137257099151611,
    "Alpha Component" : 1,
    "Green Component" : 0.63137251138687134
  },
  "Guid" : "FE5B2CA3-3ECB-48A4-BA75-F40F1369BEE1",
  "Ansi 7 Color" : {
    "Red Component" : 0.93333345651626587,
    "Color Space" : "sRGB",
    "Blue Component" : 0.83529424667358398,
    "Alpha Component" : 1,
    "Green Component" : 0.90980392694473267
  },
  "Ansi 8 Color" : {
    "Red Component" : 0,
    "Color Space" : "sRGB",
    "Blue Component" : 0.20169290900230408,
    "Alpha Component" : 1,
    "Green Component" : 0.15713045001029968
  },
  "Rows" : 40,
  "Default Bookmark" : "No",
  "Ansi 9 Color" : {
    "Red Component" : 0.79607856273651123,
    "Color Space" : "sRGB",
    "Blue Component" : 0.086274512112140656,
    "Alpha Component" : 1,
    "Green Component" : 0.29411756992340088
  },
  "Horizontal Spacing" : 1,
  "Ansi 3 Color" : {
    "Red Component" : 0.70980429649353027,
    "Color Space" : "sRGB",
    "Blue Component" : 0.0038867415860295296,
    "Alpha Component" : 1,
    "Green Component" : 0.53726452589035034
  },
  "Cursor Guide Color" : {
    "Red Component" : 0.70213186740875244,
    "Color Space" : "sRGB",
    "Blue Component" : 1,
    "Alpha Component" : 0.25,
    "Green Component" : 0.9268307089805603
  },
  "Non-ASCII Anti Aliased" : true,
  "Use Bright Bold" : true,
  "Ansi 10 Color" : {
    "Red Component" : 0.34509804844856262,
    "Color Space" : "sRGB",
    "Blue Component" : 0.45882350206375122,
    "Alpha Component" : 1,
    "Green Component" : 0.43137252330780029
  },
  "Ambiguous Double Width" : false,
  "Jobs to Ignore" : [
    "rlogin",
    "ssh",
    "slogin",
    "telnet"
  ],
  "Show Status Bar" : false,
  "Ansi 15 Color" : {
    "Red Component" : 0.99215692281723022,
    "Color Space" : "sRGB",
    "Blue Component" : 0.89019614458084106,
    "Alpha Component" : 1,
    "Green Component" : 0.96470588445663452
  },
  "Foreground Color" : {
    "Red Component" : 0.51372557878494263,
    "Color Space" : "sRGB",
    "Blue Component" : 0.58823525905609131,
    "Alpha Component" : 1,
    "Green Component" : 0.58039218187332153
  },
  "Working Directory" : "\/Users\/deri",
  "Blinking Cursor" : false,
  "Disable Window Resizing" : true,
  "Sync Title" : true,
  "Prompt Before Closing 2" : false,
  "BM Growl" : true,
  "Mouse Reporting" : true,
  "Command" : "",
  "Description" : "Default",
  "Screen" : -1,
  "Selection Color" : {
    "Red Component" : 0,
    "Color Space" : "sRGB",
    "Blue Component" : 0.25490197539329529,
    "Alpha Component" : 1,
    "Green Component" : 0.20784313976764679
  },
  "Only The Default BG Color Uses Transparency" : true,
  "Columns" : 130,
  "Idle Code" : 0,
  "Hide After Opening" : false,
  "Ansi 13 Color" : {
    "Red Component" : 0.42395871877670288,
    "Color Space" : "sRGB",
    "Blue Component" : 0.77823466062545776,
    "Alpha Component" : 1,
    "Green Component" : 0.43224334716796875
  },
  "Custom Command" : "No",
  "ASCII Anti Aliased" : true,
  "Non Ascii Font" : "Monaco 12",
  "Vertical Spacing" : 1,
  "Use Bold Font" : true,
  "Option Key Sends" : 0,
  "Selected Text Color" : {
    "Red Component" : 0.57647067308425903,
    "Color Space" : "sRGB",
    "Blue Component" : 0.63137257099151611,
    "Alpha Component" : 1,
    "Green Component" : 0.63137251138687134
  },
  "Background Color" : {
    "Red Component" : 0,
    "Color Space" : "sRGB",
    "Blue Component" : 0.20169290900230408,
    "Alpha Component" : 1,
    "Green Component" : 0.15713045001029968
  },
  "Character Encoding" : 4,
  "Ansi 11 Color" : {
    "Red Component" : 0.3960784375667572,
    "Color Space" : "sRGB",
    "Blue Component" : 0.51372545957565308,
    "Alpha Component" : 1,
    "Green Component" : 0.48235297203063965
  },
  "Use Italic Font" : true,
  "Unlimited Scrollback" : true,
  "Keyboard Map" : {
    "0xf700-0x260000" : {
      "Action" : 10,
      "Text" : "[1;6A"
    },
    "0x37-0x40000" : {
      "Action" : 11,
      "Text" : "0x1f"
    },
    "0x32-0x40000" : {
      "Action" : 11,
      "Text" : "0x00"
    },
    "0xf709-0x20000" : {
      "Action" : 10,
      "Text" : "[17;2~"
    },
    "0xf70c-0x20000" : {
      "Action" : 10,
      "Text" : "[20;2~"
    },
    "0xf729-0x20000" : {
      "Action" : 10,
      "Text" : "[1;2H"
    },
    "0xf72b-0x40000" : {
      "Action" : 10,
      "Text" : "[1;5F"
    },
    "0xf705-0x20000" : {
      "Action" : 10,
      "Text" : "[1;2Q"
    },
    "0xf703-0x260000" : {
      "Action" : 10,
      "Text" : "[1;6C"
    },
    "0xf700-0x220000" : {
      "Action" : 10,
      "Text" : "[1;2A"
    },
    "0xf701-0x280000" : {
      "Action" : 11,
      "Text" : "0x1b 0x1b 0x5b 0x42"
    },
    "0x38-0x40000" : {
      "Action" : 11,
      "Text" : "0x7f"
    },
    "0x33-0x40000" : {
      "Action" : 11,
      "Text" : "0x1b"
    },
    "0xf703-0x220000" : {
      "Action" : 10,
      "Text" : "[1;2C"
    },
    "0xf701-0x240000" : {
      "Action" : 10,
      "Text" : "[1;5B"
    },
    "0xf70d-0x20000" : {
      "Action" : 10,
      "Text" : "[21;2~"
    },
    "0xf702-0x260000" : {
      "Action" : 10,
      "Text" : "[1;6D"
    },
    "0xf729-0x40000" : {
      "Action" : 10,
      "Text" : "[1;5H"
    },
    "0xf706-0x20000" : {
      "Action" : 10,
      "Text" : "[1;2R"
    },
    "0x34-0x40000" : {
      "Action" : 11,
      "Text" : "0x1c"
    },
    "0xf700-0x280000" : {
      "Action" : 11,
      "Text" : "0x1b 0x1b 0x5b 0x41"
    },
    "0x2d-0x40000" : {
      "Action" : 11,
      "Text" : "0x1f"
    },
    "0xf70e-0x20000" : {
      "Action" : 10,
      "Text" : "[23;2~"
    },
    "0xf702-0x220000" : {
      "Action" : 10,
      "Text" : "[1;2D"
    },
    "0xf703-0x280000" : {
      "Action" : 11,
      "Text" : "0x1b 0x1b 0x5b 0x43"
    },
    "0xf700-0x240000" : {
      "Action" : 10,
      "Text" : "[1;5A"
    },
    "0xf707-0x20000" : {
      "Action" : 10,
      "Text" : "[1;2S"
    },
    "0xf70a-0x20000" : {
      "Action" : 10,
      "Text" : "[18;2~"
    },
    "0x35-0x40000" : {
      "Action" : 11,
      "Text" : "0x1d"
    },
    "0xf70f-0x20000" : {
      "Action" : 10,
      "Text" : "[24;2~"
    },
    "0xf703-0x240000" : {
      "Action" : 10,
      "Text" : "[1;5C"
    },
    "0xf701-0x260000" : {
      "Action" : 10,
      "Text" : "[1;6B"
    },
    "0xf702-0x280000" : {
      "Action" : 11,
      "Text" : "0x1b 0x1b 0x5b 0x44"
    },
    "0xf72b-0x20000" : {
      "Action" : 10,
      "Text" : "[1;2F"
    },
    "0x36-0x40000" : {
      "Action" : 11,
      "Text" : "0x1e"
    },
    "0xf708-0x20000" : {
      "Action" : 10,
      "Text" : "[15;2~"
    },
    "0xf701-0x220000" : {
      "Action" : 10,
      "Text" : "[1;2B"
    },
    "0xf70b-0x20000" : {
      "Action" : 10,
      "Text" : "[19;2~"
    },
    "0xf702-0x240000" : {
      "Action" : 10,
      "Text" : "[1;5D"
    },
    "0xf704-0x20000" : {
      "Action" : 10,
      "Text" : "[1;2P"
    }
  },
  "Window Type" : 0,
  "Background Image Location" : "",
  "Blur" : false,
  "Badge Color" : {
    "Red Component" : 1,
    "Color Space" : "sRGB",
    "Blue Component" : 0,
    "Alpha Component" : 0.5,
    "Green Component" : 0.1491314172744751
  },